zipcode,num_fires_2017_2019,avg_acres,min_acres,avg_distance_m,min_distance_m
90006,1,1.006724834442139,1.006724834442139,165382.66673539006,11299.98553240807
90007,1,1.006724834442139,1.006724834442139,165768.8874493106,13533.2368121114
90008,2,186.15717101097107,1.006724834442139,166427.28117965104,12844.733394928966
90012,2,3526.178899526596,1.006724834442139,165181.07381341036,14314.380959394559
90013,1,1.006724834442139,1.006724834442139,165479.09282303916,15318.901373815212
90014,1,1.006724834442139,1.006724834442139,165488.30414947588,14581.987694519123
90015,1,1.006724834442139,1.006724834442139,165541.3734042604,13811.970400422311
90016,2,186.15717101097107,1.006724834442139,165974.33499931984,10621.223328259888
90017,1,1.006724834442139,1.006724834442139,165309.88384558904,13001.723731069436
90018,2,186.15717101097107,1.006724834442139,165818.04162515787,11795.756670781111
90019,2,186.15717101097107,1.006724834442139,165451.46528499952,8952.750512697892
90020,3,2474.5551387468972,1.006724834442139,165065.85822936302,8829.987270830832
90022,1,0.301123946905136,0.301123946905136,166081.26749534326,15181.813586173406
90024,5,75.10111037939787,0.027753792703152,165682.50649633998,4614.737705807642
90025,5,75.10111037939787,0.027753792703152,166297.66258476392,5919.860714087811
90026,2,3526.178899526596,1.006724834442139,164942.32283649326,11622.044084361161
90028,3,2474.5551387468972,1.006724834442139,164580.40311189144,5312.940920151859
90031,3,2350.8668301304183,0.242691338062286,165144.6515553824,16025.452530118462
90032,1,0.242691338062286,0.242691338062286,165350.67627637408,14275.957855404078
90034,2,186.15717101097107,1.006724834442139,166231.93935191343,9690.695380632807
90036,3,2474.5551387468972,1.006724834442139,165058.6465769281,6356.740708920439
90037,1,1.006724834442139,1.006724834442139,166354.22059465264,15685.316620794501
90038,3,2474.5551387468972,1.006724834442139,164725.02338273512,6026.5450954794305
90042,2,3525.796882778406,0.242691338062286,165066.45743546006,12080.338933328481
90043,1,1.006724834442139,1.006724834442139,166936.01302053264,15340.78718051283
90045,1,371.3076171875,371.3076171875,168691.6763133277,17021.077244439035
90046,4,5760.702975153923,1.006724834442139,164499.68091854735,2034.8249623693005
90048,3,2474.5551387468972,1.006724834442139,165087.21401054604,5525.666472129195
90049,8,46.97261562105268,0.025269888341427,165865.35997094787,1873.4832458401345
90057,2,3526.178899526596,1.006724834442139,165147.94639290124,11445.594075484156
90062,1,1.006724834442139,1.006724834442139,166400.43262151358,14643.619381180886
90064,3,124.71018807093303,1.006724834442139,166299.27760385556,7678.793670241156
90066,3,124.71018807093303,1.006724834442139,167413.2359517805,11010.091010285647
90071,1,1.006724834442139,1.006724834442139,165324.88942738916,13711.192790178908
90210,4,1856.3704096078873,1.006724834442139,164846.07996834765,4170.940780411564
90230,2,186.15717101097107,1.006724834442139,167149.64803555753,12901.353594647037
90241,3,0.22049713631471,0.113159507513046,167841.53930097242,13933.446084077852
90242,1,0.301123946905136,0.301123946905136,168336.059253176,15948.810259116284
90291,3,124.38386439035337,0.027753792703152,168135.9201830848,11246.387846865437
90401,6,62.4506728152434,0.025269888341427,167898.75496150312,9171.761535977737
90404,6,62.588470297555126,0.025269888341427,167193.31429566324,7547.220246587623
90405,4,93.53957950137556,0.027753792703152,167614.66407704292,9267.431779818582
90601,4,0.19526776112616073,0.113159507513046,167208.4118142778,3566.2438084458386
90602,5,5.804572363197804,0.113159507513046,167749.1905113016,3830.7788910936947
90603,6,5.5782644512752695,0.113159507513046,168537.1590476564,3939.2990810732554
90620,3,0.15998236586650233,0.113159507513046,171134.35371363585,14817.824471974118
90631,6,5.5782644512752695,0.113159507513046,169155.04900335494,3932.6130778437782
90638,5,5.804572363197804,0.113159507513046,169412.72257141813,8864.156648246892
90640,3,0.22049713631471,0.113159507513046,166470.1676760504,10875.882332762289
90650,3,0.22049713631471,0.113159507513046,168885.27669179285,12626.781820836326
90670,4,0.19526776112616073,0.113159507513046,168268.9161102123,9425.638981948949
91001,3,2365.5699896216393,0.242691338062286,166012.78119428546,3951.023090777813
91016,3,61.35581217209498,0.242691338062286,168007.4331446433,9435.307605971702
91040,3,7557.168094476064,1.006724834442139,165081.5285198943,4053.0386886540305
91104,3,2365.5699896216393,0.242691338062286,165941.79530900175,3437.606955614772
91105,3,2365.5699896216393,0.242691338062286,165283.83440494872,8602.851193271305
91106,3,2365.5699896216393,0.242691338062286,165719.1469540415,6304.328828646018
91107,2,22.679447323083878,0.242691338062286,166408.17686440938,3460.2165658597814
91202,4,5667.936743691564,0.242691338062286,164497.80898057375,8140.755125280786
91206,5,4543.372635614872,0.242691338062286,164897.4705248317,11274.043712186241
91302,15,6476.060639793178,0.025269888341427,169189.35202403192,3099.823183633226
91303,14,6969.1352602908655,0.009721163660288,166877.05026206357,8266.884567272917
91304,16,6075.3466830213,0.002820560941473,167570.41164475077,4910.778314498902
91306,15,6504.532002999882,0.009721163660288,166390.02018588484,9060.53832916232
91311,16,6470.680499221329,0.002820560941473,167664.96179554108,4122.676326709757
91316,9,12549.317310677634,0.027753792703152,165477.70328161,8102.06617535977
91321,8,3162.303703352809,0.086400926113129,168033.60524245672,4963.861323590763
91325,12,10029.239114164686,0.009721163660288,165679.70639344456,9769.33730629972
91331,6,3807.936561246713,0.086400926113129,165096.89138535917,8076.593292498682
91335,13,8702.027976489411,0.009721163660288,165802.9065312511,9823.329754788885
91342,5,4569.322528529167,0.086400926113129,166163.7343206815,3102.4842339653205
91344,12,10509.720911929384,0.009721163660288,166337.64749925834,3622.3986886135203
91350,8,3162.303703352809,0.086400926113129,170395.39552347368,9374.444304574869
91351,9,2811.9565152459672,0.086400926113129,170144.31972707243,11407.567353835066
91356,13,7500.577436664643,0.025269888341427,165985.65570939708,5422.165232273706
91360,21,4824.931801616669,0.002820560941473,176272.26238616309,3153.272309438034
91362,21,4824.932426813336,0.002820560941473,173669.98100620875,3914.991754651705
91364,17,5736.011965346687,0.009721163660288,166893.01605886506,3447.65229116108
91367,18,5420.507920810745,0.009721163660288,167223.77669833341,6273.111681896243
91377,27,3762.0434689760914,0.002820560941473,171715.87583002812,1102.1984168700221
91387,6,3783.09066905578,0.086400926113129,168737.1561049076,8963.14540671493
91402,6,3840.6351747314134,0.086400926113129,164873.90386752837,11941.708523505178
91405,6,3840.8453135589757,0.912746846675873,164740.63156107516,10875.580391852667
91406,10,12017.815382342786,0.070163242518902,165127.16860600925,11617.335416599333
91411,6,3840.995892783006,1.006724834442139,164768.19324086254,9372.717637211437
91423,6,3840.995892783006,1.006724834442139,164569.77153909724,5834.957580171357
91501,3,7557.168094476064,1.006724834442139,164488.29617165617,3740.5659559133483
91504,3,7557.168094476064,1.006724834442139,164389.0126074184,3023.176713554948
91506,4,5760.702975153923,1.006724834442139,164252.37639689108,6573.8810304785575
91605,4,5760.702975153923,1.006724834442139,164486.96510738006,8227.385132091998
91606,4,5760.702975153923,1.006724834442139,164328.40820095,7170.078684344614
91607,4,5760.702975153923,1.006724834442139,164327.80889996776,5258.626573295253
91608,4,5760.702975153923,1.006724834442139,164243.26052121416,2877.0026027855633
91701,1,14.0169677734375,14.0169677734375,182197.72260924923,8479.57286459852
91702,1,138.7085418701172,138.7085418701172,173831.3670842587,3746.7679930223435
91706,6,7.689994281778733,0.113159507513046,168240.53720688942,11198.32111866526
91709,9,1338.7508847740376,0.011728066951036,175047.9782421949,9831.803673071765
91722,5,27.897922582924366,0.113159507513046,169785.4841467356,13726.031655690773
91723,5,5.804572363197804,0.113159507513046,170237.790674775,13827.524801981139
91724,5,5.804572363197804,0.113159507513046,171150.93295626438,14087.41643986404
91731,5,9.204077211022376,0.113159507513046,166825.04580886936,9921.854098038952
91733,3,0.22049713631471,0.113159507513046,166720.4116662273,7544.293582134267
91739,3,42.21207936604818,14.0169677734375,186860.10035898766,11056.188168798186
91741,2,76.36275482177734,14.0169677734375,172358.92096837278,8982.001366889446
91744,6,5.5782644512752695,0.113159507513046,168690.71457744137,6326.358885820787
91748,6,5.5782644512752695,0.113159507513046,169743.17917844615,1829.0610657288214
91750,2,76.36275482177734,14.0169677734375,175000.46165059254,9066.72225383602
91752,1,156.37725830078125,156.37725830078125,184677.24782336593,13426.724009206566
91761,1,156.37725830078125,156.37725830078125,181676.8580463936,13832.305270415563
91762,1,156.37725830078125,156.37725830078125,179070.38093789102,12320.32859750098
91763,1,14.0169677734375,14.0169677734375,176927.7440002842,12045.834533770796
91768,2,14.180685203522444,0.119579635560513,173198.26843313678,14297.626866208582
91770,4,0.226045686751604,0.113159507513046,166286.16889407957,11024.066702695089
91773,2,76.36275482177734,14.0169677734375,172939.39879228402,14329.211662970592
91775,3,15.220006197690964,0.242691338062286,166163.79889066034,8251.505108014686
91776,3,15.220006197690964,0.242691338062286,166084.57662385853,10957.116718804897
91780,4,11.443294525146484,0.113159507513046,166631.53795563278,10363.434286600725
91784,1,14.0169677734375,14.0169677734375,179484.6541924149,4608.8163073184505
91786,1,14.0169677734375,14.0169677734375,178856.68509987247,8343.490594375702
91790,5,5.804572363197804,0.113159507513046,168778.01715188444,9332.523493800747
91791,5,5.804572363197804,0.113159507513046,169870.87868228243,11136.879656463901
91792,6,5.5782644512752695,0.113159507513046,169603.4937307314,7191.668039648752
91801,3,15.220006197690964,0.242691338062286,165720.83931506894,11248.375095744463
91910,1,27.51976203918457,27.51976203918457,299381.1742248621,13954.98068030815
91911,1,27.51976203918457,27.51976203918457,302387.5135895518,13266.624512370201
91942,1,141.95477294921875,141.95477294921875,288484.3236400958,15485.375846151723
91977,2,84.73726749420166,27.51976203918457,294327.55631722853,14622.938048022563
92020,2,79.32517433166504,16.695575714111328,289575.10173070733,10663.217842506043
92021,5,143.63701972961425,13.088418960571289,291570.62756193284,5548.086101637778
92026,2,2051.3180713653564,22.02139663696289,247150.9435915806,12427.48157787957
92027,2,168.94567584991455,10.305231094360352,261065.47661146463,6517.077985631126
92028,3,1432.9918349583943,12.10395336151123,228411.36581242655,3284.081044999478
92040,5,143.63701972961425,13.088418960571289,284853.4709327944,11056.96989265575
92056,1,4080.61474609375,4080.61474609375,238342.01833669888,13641.075045795571
92058,1,4080.61474609375,4080.61474609375,229957.32678632843,13633.827430584523
92069,1,4080.61474609375,4080.61474609375,247933.5098537052,14767.437310974263
92071,2,79.32517433166504,16.695575714111328,283618.26165256824,14634.517605062916
92083,1,4080.61474609375,4080.61474609375,240804.65314027556,12098.682827152985
92084,1,4080.61474609375,4080.61474609375,241208.16527999967,8567.372600838602
92128,1,10.305231094360352,10.305231094360352,266759.5027748625,12659.666602676562
92154,4,22.879390716552734,12.298944473266602,308450.8798652054,9565.228783829642
92201,1,24.775325775146484,24.775325775146484,299436.28315083,15626.81915060896
92220,1,325.5135498046875,325.5135498046875,233862.56208511157,14445.525403006981
92223,4,1190.3460702896118,41.778079986572266,221714.22910194992,8255.500161292652
92234,1,108.66139221191406,108.66139221191406,265957.04607477074,9349.564969825755
92236,1,24.775325775146484,24.775325775146484,293895.1953505568,13869.964157445193
92253,1,24.775325775146484,24.775325775146484,286088.70194318093,15635.536557864494
92260,1,108.66139221191406,108.66139221191406,274007.09692132234,14617.215712928059
92262,2,6668.909797668457,108.66139221191406,257215.07794767496,10584.952534229114
92264,3,4520.034210205078,108.66139221191406,265072.3228674635,5385.526874576305
92270,1,108.66139221191406,108.66139221191406,270482.08012953453,10974.770493075514
92307,2,15.417273998260498,14.699578285217285,220294.49281498493,12084.750043648808
92308,1,16.13496971130371,16.13496971130371,213818.10821782504,12187.92703664715
92313,2,1970.817470550537,69.48308563232422,197992.83506580777,16160.468450201923
92325,5,49.91522369384766,32.7047004699707,201856.4146871785,6457.462030687755
92336,3,49.12944412231445,34.76906204223633,189488.9811323004,10963.890139617624
92346,5,804.11280765533445,11.455334663391113,207072.1626491829,2483.431937095519
92352,4,37.10304570198059,11.455334663391113,207306.315640976,11336.735446632021
92373,3,1468.5159953435261,11.455334663391113,209128.65838712186,3795.442303941662
92374,4,996.448744058609,11.455334663391113,207460.71023388277,6493.765492260488
92376,4,54.217854499816895,34.76906204223633,194107.11544058687,10861.23956664286
92377,4,54.217854499816895,34.76906204223633,193038.51119674064,9572.60658364661
92382,3,37.881040255228676,11.455334663391113,212133.0184461827,3528.6818331439154
92399,4,1515.7035827636719,325.5135498046875,219663.15315383716,4613.720464845442
92404,4,37.10304570198059,11.455334663391113,202748.73844853524,1879.1612475339755
92407,4,54.217854499816895,34.76906204223633,194708.01312360415,4658.793089512366
92410,3,38.56916077931722,11.455334663391113,199161.5084641628,8188.7256045032955
92503,2,11653.300003051758,281.6000061035156,190734.23624770244,16402.348155166896
92507,1,3872.15185546875,3872.15185546875,197447.49820400114,19693.0184278636
92530,5,4805.38769043684,0.595499455928802,202172.6008738507,2403.527621331796
92532,4,6006.585738182068,46.90481948852539,205174.52527675644,5570.354978167948
92543,3,432.1591148376465,13.910249710083008,228632.59105357615,9042.2776130507391
92544,4,3631.408886909485,13.910249710083008,237862.19316829197,10908.51055043877
92545,3,441.44839159647626,21.580156326293945,223201.37880178934,9452.007896209561
92553,2,2197.0463256835937,521.9407958984375,203300.40056955125,13612.994101895141
92555,3,1478.62357711792,41.778079986572266,212609.65685764185,3007.9762824193517
92557,2,2197.0463256835937,521.9407958984375,201801.90962145792,13730.93771473224
92562,3,7979.392609914144,46.90481948852539,209519.42969627806,4756.13453314428
92563,2,1063.6299743652344,866.27301025390625,221309.99178596222,11387.22126179783
92567,2,281.8594379425049,41.778079986572266,215488.83627673885,10240.986618263645
92571,2,305.0529594421387,88.16512298583984,207949.12145304985,14678.827501371868
92584,2,1063.6299743652344,866.27301025390625,215412.0653431543,11641.241725875348
92586,2,674.5760307312012,88.16512298583984,211867.079400822,12684.117853255171
92587,4,6006.585738182068,46.90481948852539,208569.9033723266,8642.137313049663
92591,1,1260.9869384765625,1260.9869384765625,226530.91874650956,13209.4798598026
92592,1,1260.9869384765625,1260.9869384765625,233078.09532615615,15037.000069518734
92595,4,6006.585738182068,46.90481948852539,211528.4573422166,6820.569443867132
92596,1,1260.9869384765625,1260.9869384765625,223321.10253331618,2326.532661586982
92602,19,647.8800215615498,0.0029606227763,178587.007737507,1701.0604379563501
92606,17,551.7381918255295,0.004819540772587,178967.57501649542,6011.952769919545
92610,26,1257.0009565727535,0.001356886699796,183078.06636139244,2995.6251339584355
92614,19,493.6776365432398,0.004819540772587,179643.04033980446,7567.181033920408
92620,21,446.38511268734663,0.0029606227763,179835.73145488018,2288.0194934918995
92626,6,2.3987428893645606,0.074742428958416,179017.68664705896,5271.229368544909
92630,27,1206.5334053962767,0.001356886699796,185112.15135397314,708.9432430882853
92637,23,8.61060878134373,0.001356886699796,185574.7548246095,1355.835903366015
92647,1,7.518083095550537,7.518083095550537,176310.87366564156,10172.469564563393
92648,1,7.518083095550537,7.518083095550537,178589.0414194146,7205.3587931176535
92649,1,7.518083095550537,7.518083095550537,176185.28129266677,13010.287005106287
92651,15,12.258033958387871,0.004819540772587,188427.38415898863,3259.0294592433415
92653,22,8.998602706452154,0.001356886699796,187841.55597975294,803.0566881621999
92657,12,15.87506593305928,0.004819540772587,184771.06593866568,3196.328497017694
92660,9,21.13559661976372,0.006579902488738,181847.29019144416,7021.96309244416
92661,8,23.7666878188611,0.006579902488738,183787.87718565008,6627.351284307017
92663,4,3.5577119700610638,0.15013675391674,182178.13419178498,2974.3779897764584
92672,10,0.9098375394940377,0.007379492744803,204171.60662597735,1339.9132893755586
92677,21,9.009133815854078,0.001356886699796,192411.67914466764,3215.4998923241487
92679,18,1280.0334637639269,0.001356886699796,190116.06212734248,1898.9267367092864
92688,22,1055.363831174835,0.001356886699796,189746.82956613888,2891.9905347944
92691,24,967.6485316249115,0.001356886699796,187849.53051969447,2531.1883546794
92692,24,967.6485316249115,0.001356886699796,189104.09125050242,4221.977259751197
92694,25,7.55651107089594,0.001356886699796,194037.77895443738,3682.952072336441
92704,6,1535.2169768164556,0.074742428958416,176939.85575150631,9137.911232289742
92707,11,852.6568590158766,0.074742428958416,177798.62880272305,8548.361696185479
92708,2,3.8024750612676144,0.086867026984692,177138.73583990755,7204.010407131655
92780,13,721.4933768750096,0.020496590062976,177452.36585198017,3079.972868311692
92782,16,752.0902422774816,0.011728066951036,177889.2954874654,1391.810878280913
92801,6,1538.5327971788745,0.113159507513046,171680.3745357075,13617.341019588945
92805,7,1318.7156790191573,0.011728066951036,172699.40126648347,12175.320026476391
92806,8,1173.2469352367334,0.011728066951036,173014.48358797413,9784.208019593545
92807,14,892.6189815392718,0.011728066951036,174578.19679106487,4772.937768656784
92840,4,2301.4270032159984,0.074742428958416,173948.576183574,13534.669746814257
92868,8,1171.1142656733282,0.011728066951036,174522.25931346312,8820.151563767115
92870,11,1081.16617628678,0.011728066951036,172270.01144030874,4932.849222006874
92880,7,1756.7928391101636,0.011728066951036,180919.6103920825,3308.592777015403
92881,6,5887.086333140731,0.097130924463272,187217.45980581472,8785.71986759479
92882,10,3547.772814923711,0.011728066951036,182192.26337573514,1048.681364187154
92883,7,3349.1401150227257,0.0029606227763,191781.3911224863,5910.285308832758
92886,9,1338.7508847740376,0.011728066951036,173493.0978095842,3914.3412845117277
93010,28,13692.324402400916,0.001514837844297,185908.40640177036,7681.791123553265
93012,16,6348.711299262533,0.007144617848098,181986.79011621387,3471.7632474262327
93021,27,14194.537082834213,0.002820560941473,176814.06707486525,4816.198431652944
93023,8,35226.237170596636,0.002526514464989,199787.21508212326,7446.255365729225
93033,13,7790.14459135446,0.001514837844297,189550.04593854514,5051.769753478882
93036,21,13427.14303143328,0.001514837844297,191759.6353546171,1339.6996217838425
93063,23,4502.916995343884,0.002820560941473,169652.1293842799,449.52968278192475
93065,26,3906.335122631621,0.002820560941473,171979.94635048287,3613.4877006932547
93101,2,140954.44339752197,118.01179504394531,223530.92326134493,12046.01820861161
93111,2,140954.44339752197,118.01179504394531,229452.18772747798,2757.944219931559
93203,1,19.211360931396484,19.211360931396484,209707.60531955448,8983.224793867446
93285,6,269.45585193236667,0.455859541893005,246093.39764579362,12413.416501763735
93304,4,13.792139142751694,0.539331316947937,226400.71639114444,13995.045575320151
93305,6,10.469727615515392,0.539331316947937,228535.59341786092,10117.523612043087
93306,5,809.471263885498,22.35437774658203,230258.54542634578,9414.335259416355
93307,2,24.55986785888672,19.211360931396484,219406.97628877105,12510.035456518557
93308,6,53.92221746842066,0.539331316947937,237379.88406601638,2892.9458775317244
93309,2,1.4529020190238955,0.539331316947937,227568.6561324942,14777.682733599606
93312,3,1.9461644887924197,0.539331316947937,231666.02724306725,10726.435694388454
93401,7,41.89557709864208,0.781524002552032,290720.69411361264,7024.017307732278
93405,4,41.0625918507576,2.110911130905151,298515.4162371337,4304.8546986066485
93436,4,134.32078409194946,13.045654296875,267633.4328420916,4184.586668304601
93458,1,89.017120361328125,89.017120361328125,277284.50174759346,7272.467078299006
93463,6,69.89537334442139,19.23785972595215,251456.18898633297,6207.97194803436
93510,5,569.9707721710205,9.179010391235352,172440.34535220012,3748.148928706391
93514,1,2075.6962890625,2075.6962890625,382168.54203901574,10539.765019641767
93532,2,1784.9135131835937,219.2987060546875,182363.7980298836,13089.790684922731
93550,3,28.206031799316406,17.868297576904297,172469.16690978812,12150.459285409028
93551,5,566.1427580833436,0.139297008514404,178443.29386842207,6762.577285363519
93561,1,0.070416823029518,0.070416823029518,206893.25577096466,3634.4900114064735
93611,1,10.21673583984375,10.21673583984375,333997.931492249,15769.934629680183
93638,1,482.3408203125,482.3408203125,355266.4554542538,14211.83364858623
93906,3,30.053765296936035,14.825911521911621,396932.124152543,9026.332387283263
93907,3,30.053765296936035,14.825911521911621,400721.0604416959,7950.042047093393
94002,1,36.337745666503906,36.337745666503906,468656.0309463802,10904.939812837758
94025,1,36.337745666503906,36.337745666503906,459066.4672243415,11935.637509088656
94061,1,36.337745666503906,36.337745666503906,462541.7115909091,7143.633860051321
94062,1,36.337745666503906,36.337745666503906,464526.8217706204,1377.6381116482994
94085,1,321.404541015625,321.404541015625,446990.64121651236,16604.333710640127
94089,1,321.404541015625,321.404541015625,447949.61619555316,15053.892670381638
94305,1,36.337745666503906,36.337745666503906,456675.2085099769,10821.99929706578
94402,1,36.337745666503906,36.337745666503906,471995.725004464,14382.38335838381
94403,1,36.337745666503906,36.337745666503906,470240.30123956164,13703.869243870902
94513,4,246.88074493408203,173.9333038330078,461162.0865757999,11832.28206372743
94517,4,246.88074493408203,173.9333038330078,467856.5191065731,2486.433003769733
94518,2,210.49169158935547,173.9333038330078,478362.6220042979,16521.100572238825
94531,4,246.88074493408203,173.9333038330078,468030.05791281373,8153.327510452988
94533,2,26891.542846679688,2158.429443359375,498787.76409260667,3510.8194121425577
94535,1,2158.429443359375,2158.429443359375,495755.86893481715,6450.397215000623
94536,1,321.404541015625,321.404541015625,454832.39800606517,15714.688317555914
94538,1,321.404541015625,321.404541015625,450230.23498097557,9922.752920253208
94539,1,321.404541015625,321.404541015625,448193.1303601875,6857.265880142359
94550,3,169.82891337076822,70.02040100097656,434652.7811520192,11691.23669767528
94551,4,361.4794502258301,226.6168670654297,454832.04849190125,13610.41317791922
94558,5,39487.758582305905,48.001407623291016,522536.10176366137,9227.879107618586
94560,1,321.404541015625,321.404541015625,454449.4169061991,16033.081324338102
94561,1,339.9227294921875,339.9227294921875,466345.5725220646,14671.608349674629
94574,4,26859.876532793045,2.759610176086426,535063.9824971791,13762.962108580368
94582,3,215.86675008138022,173.9333038330078,462148.0692700068,14957.380155525298
94585,1,2158.429443359375,2158.429443359375,489380.76441209775,14521.776202064133
94589,5,21493.845471572877,10.190670013427734,502216.90210409526,761.0336855613543
94596,2,210.49169158935547,173.9333038330078,475436.9677778346,16452.472601661204
94903,1,1657.369384765625,1657.369384765625,510669.9999276759,15840.387210992205
94947,4,419.73746848106384,1.425337791442871,520357.39045209484,13891.244087422458
94952,3,273.8484395345052,11.888856887817383,535163.4629789039,4035.904022830994
94954,5,11655.421221923829,11.888856887817383,523598.21074240294,11641.113902154386
95003,1,15.64786148071289,15.64786148071289,421929.9102527251,14934.911938041249
95008,1,317.20098876953125,317.20098876953125,438369.52987012087,14933.788502352203
95018,3,113.95577557881673,9.018476486206055,434568.1930920495,6948.3661376196205
95020,1,109.19146728515625,109.19146728515625,405804.78061507904,5694.326659791217
95023,2,37.27797317504883,35.76863098144531,391260.11037748563,7733.624227209097
95030,2,163.10973262786865,9.018476486206055,437191.30665354215,8997.898429594172
95035,1,321.404541015625,321.404541015625,442480.39098338154,3160.2779522004644
95037,1,207.74560546875,207.74560546875,415239.4633808013,12116.51962958327
95050,1,321.404541015625,321.404541015625,441721.283178933,15545.039739276297
95054,1,321.404541015625,321.404541015625,444469.4346330806,12561.294395749777
95060,2,12.333168983459473,9.018476486206055,436148.3161334786,6829.6132862892755
95062,1,15.64786148071289,15.64786148071289,426239.5070200153,6970.380792742024
95065,1,15.64786148071289,15.64786148071289,428548.78858313564,6003.248555935574
95070,2,163.10973262786865,9.018476486206055,442277.14199539815,8392.783909025316
95076,1,109.19146728515625,109.19146728515625,412168.6538055702,13945.495419520135
95110,1,321.404541015625,321.404541015625,439317.54197840206,14449.459811835479
95111,1,207.74560546875,207.74560546875,432027.757153068,12288.061246719464
95112,1,321.404541015625,321.404541015625,437890.188513005,14151.448312342889
95116,1,321.404541015625,321.404541015625,436647.04760582536,13364.246241695839
95118,1,207.74560546875,207.74560546875,433852.8777992512,16069.545334657832
95120,1,207.74560546875,207.74560546875,428020.45104406966,12101.315721754041
95121,1,207.74560546875,207.74560546875,432233.31176157756,12755.89887581773
95122,2,264.5750732421875,207.74560546875,434704.5697313151,15920.26128262028
95123,1,207.74560546875,207.74560546875,430461.18842321605,10891.394825576437
95126,1,321.404541015625,321.404541015625,438694.2600588671,16723.675144388475
95127,1,321.404541015625,321.404541015625,435171.52237830695,12248.62236382618
95129,1,317.20098876953125,317.20098876953125,442035.72554172255,15027.400454758112
95131,1,321.404541015625,321.404541015625,440722.1434462549,9821.746358210698
95132,1,321.404541015625,321.404541015625,436541.4691196849,9592.846006272664
95133,1,321.404541015625,321.404541015625,438120.5522992691,10990.412301913153
95134,1,321.404541015625,321.404541015625,445156.5359357832,8668.190038722905
95135,1,207.74560546875,207.74560546875,426017.4042038836,8177.309373457965
95136,1,207.74560546875,207.74560546875,432650.4394616252,13468.868693851178
95148,1,207.74560546875,207.74560546875,432324.45232315146,14249.538643968557
95228,6,2120.8406368891397,26.817594528198242,431886.3459407338,1424.400606583806
95240,2,30.29771614074707,23.17400360107422,455167.6271108879,9080.85584075018
95255,2,69.97239971160889,9.709066390991211,463129.51742170827,5590.381254199423
95338,2,48476.44503211975,52.85100173950195,386705.1028954397,12545.006747869838
95340,1,4564.0947265625,4564.0947265625,383926.7996639255,14139.202589638715
95401,3,31097.354634602863,791.88812255859375,550797.1085645867,15426.734765044492
95403,3,30868.727063496906,106.00540924072266,552203.5857140102,8776.570815883415
95404,3,31097.354634602863,791.88812255859375,543929.6991777959,10638.150429390145
95405,3,31097.354634602863,791.88812255859375,542793.168616719,8591.513667195068
95407,4,23327.458060741425,17.768339157104492,544437.7137507814,9656.11735560212
95422,6,71304.47432676952,21.266874313354492,580047.5048714813,4331.439476999589
95446,1,12.975188255310059,12.975188255310059,568474.6564414529,12972.786362076835
95448,4,13545.073274374008,12.975188255310059,568112.0049163895,2349.840980097422
95449,3,16383.823118845621,35.200435638427734,603475.3035141609,10724.64840487248
95451,7,68399.75084332058,24.470212936401367,586177.9773961022,4425.914338818674
95467,2,1273.326560974121,58.43510437011719,562434.0744863014,16096.314825613563
95476,3,19156.52921772003,14.026862144470215,519034.8044943193,10383.959953122938
95492,3,12273.65499083201,12.975188255310059,557695.8434876705,10395.66826548772
95602,5,34.98327407836914,4.950162887573242,522595.7753695556,8686.699929128168
95603,3,68.84808031717937,4.950162887573242,515415.0110384376,8873.088805008721
95608,4,61.21633720397949,19.921436309814453,497637.06019379996,13658.219537168434
95610,4,61.21633720397949,19.921436309814453,501412.52464909485,11818.073846806357
95614,3,68.84808031717937,4.950162887573242,510457.82825639466,7951.85850052991
95621,4,64.11782360076904,19.921436309814453,502466.08682423015,9173.819217674614
95624,1,84.32344055175781,84.32344055175781,482535.8133047717,16239.739417963938
95628,2,38.64999580383301,26.63998031616211,497570.54602775665,9736.003156132834
95630,2,183.32727432250977,50.660011291503906,495877.07484108646,9481.357235852485
95631,2,99.90327835083008,64.9049301147461,522239.7324549033,7407.898765237977
95640,3,296.6709523200989,1.399644374847412,465189.8567841641,9731.588585164582
95648,8,101.8769263625145,4.857595920562744,521818.6820712967,6944.129122485181
95660,5,66.8367805480957,19.921436309814453,503197.9224639951,7477.44916143888
95662,2,38.64999580383301,26.63998031616211,499592.4036960455,11892.175392537376
95670,1,50.660011291503906,50.660011291503906,494637.9956148046,8980.545271123936
95677,4,52.36037731170654,4.950162887573242,508287.82565525797,10611.64184420616
95678,7,140.5957636151995,4.950162887573242,507395.9631974659,8951.790699377192
95682,4,137.10444831848145,34.91486358642578,487391.88887327944,6340.805767671912
95687,3,775.6748644510905,42.803340911865234,498789.77463649475,7360.117761144335
95747,8,132.72379833459854,4.857595920562744,511171.16150896944,3847.723738311284
95762,3,144.4636967976888,50.660011291503906,494656.947471839,14511.44918659629
95815,3,76.61043802897136,19.921436309814453,499832.6823403356,14186.718511229343
95821,4,64.11782360076904,19.921436309814453,499338.48348607094,12532.837007317645
95825,1,19.921436309814453,19.921436309814453,497365.7613422474,15949.936200968552
95834,4,76.8859806060791,19.921436309814453,505084.2920780719,12677.28535732723
95835,5,66.8367805480957,19.921436309814453,507460.22160007124,10567.980536362253
95838,5,66.8367805480957,19.921436309814453,502849.4369027082,9600.748895256045
95841,4,64.11782360076904,19.921436309814453,500836.8491482413,10499.57337676654
95842,5,66.8367805480957,19.921436309814453,502921.47061746,7736.985124991263
95843,6,171.12089093526205,19.921436309814453,505562.0290068612,4341.930934849191
95901,8,2200.1036279201508,9.345995903015137,553771.089411045,6018.330739359041
95926,4,38617.969222545624,28.195615768432617,614250.7538660686,9590.52468628593
95928,4,38700.2562789917,153.51171875,608429.4706219919,13787.895361153238
95932,2,942.781982421875,647.9942626953125,576393.8871210648,14243.356376318672
95948,2,942.781982421875,647.9942626953125,573865.7527632306,11398.294134702272
95959,1,392.4852294921875,392.4852294921875,550811.8161496428,16489.22630454265
95966,5,5811.156772613525,32.6768684387207,575264.4240944878,9882.474676672979
95991,3,39.734435399373375,22.124727249145508,539835.0610937433,10888.144775320685
95993,4,339.1932520866394,22.124727249145508,547744.342240524,11707.097686755791
96002,8,28966.43403786421,7.635205745697021,705910.3516390226,6833.940603191328
96003,3,90098.45322163899,35.51982116699219,724099.898225108,7132.353684427646
96021,1,2725.726318359375,2725.726318359375,646637.4471706083,7663.002341579774
96022,3,155.4664535522461,24.755691528320313,692021.6021837099,10857.2126106037
96035,1,258.68719482421875,258.68719482421875,654787.2285339138,15943.89990543031
96067,3,22.33782422542572,0.373213887214661,784494.7256645506,4103.711425857225
96080,1,258.68719482421875,258.68719482421875,673498.7997946627,10181.313275272736
96094,9,8.959113779167334,0.095272414386272,805467.813024351,5136.295956336949
96137,1,52.65707778930664,52.65707778930664,644460.1308153775,13007.422266991876
